ffff42,000044,3,15,000000000000000
e808,0066,2,15,000000000000001
24e831,24e82b,3,15,000000000000010
00c1,00c7,2,15,000000000000011
ff45f0,00007c,3,15,000000000000100
fce8,852c,2,15,000000000000101
e8ad,e83d,2,15,000000000000110
e855,e804,2,15,000000000000111
043e,e86f,2,15,000000000001000
e8a1,004e,2,15,000000000001001
0000c6,8b45e0,3,15,000000000001010
503a,6363,2,15,000000000001011
ffd0,0098,2,15,000000000001100
000b,eb0a,2,15,000000000001101
45a0,e806,2,15,000000000001110
2089,01c2,2,15,000000000001111
ffffc9,000018,3,15,000000000010000
e888,eb92,2,15,000000000010001
e824,e82f,2,15,000000000010010
e8ef,eb18,2,15,000000000010011
000061,000090,3,15,000000000010100
ff4d18,0000f5,3,15,000000000010101
410000,008d9d,3,15,000000000010110
45fb,e81f,2,15,000000000010111
00ec,e8dc,2,15,000000000011000
00a3,e895,2,15,000000000011001
d8c6,ff39,2,15,000000000011010
7466,0360,2,15,000000000011011
e97b,a889,2,15,000000000011100
ffffe8,00000c,3,15,000000000011101
890424e82d,890424e89b,5,15,000000000011110
0005,e80d,2,15,000000000011111
e80b,8d50,2,15,000000000100000
e879,208b,2,15,000000000100001
c075e6,0000dc,3,15,000000000100010
e8ed,e8df,2,15,000000000100011
000065,000091,3,15,000000000100100
890424e881,000000e81e,5,15,000000000100101
890424e8a1,8b450c8944,5,15,000000000100110
0077,003a,2,15,000000000100111
ff8d,eb6f,2,15,000000000101000
e8cd,0020,2,15,000000000101001
8d55,0081,2,15,000000000101010
890424e89f,890424e84c,5,15,000000000101011
ff90,5420,2,15,000000000101100
0006,e85c,2,15,000000000101101
7404,e8cf,2,15,000000000101110
e8c5,e88e,2,15,000000000101111
fcc1,004d,2,15,000000000110000
eb1e,455f,2,15,000000000110001
837df0,8b45d4,3,15,000000000110010
890424e8f6,890424e8e9,5,15,000000000110011
4085,0401,2,15,000000000110100
890424e8da,890424e80a,5,15,000000000110101
08c7442404,08c7442404,5,15,000000000110110
24e8a8,0000cf,3,15,000000000110111
f08b45,00e889,3,15,000000000111000
24e8b6,0000c9,3,15,000000000111001
e08b,0034,2,15,000000000111010
0480,035c,2,15,000000000111011
e8db,744f,2,15,000000000111100
e016,03bc,2,15,000000000111101
f489,7409,2,15,000000000111110
002c,0441,2,15,000000000111111
e81d,eb7f,2,15,000000001000000
eb32,e8a6,2,15,000000001000001
e80a,e800,2,15,000000001000010
00fa,8b8d,2,15,000000001000011
00d0,0053,2,15,000000001000100
890424e879,890424e80e,5,15,000000001000101
890424e80b,890424e81b,5,15,000000001000110
450883,0000bc,3,15,000000001000111
890424e809,890424e827,5,15,000000001001000
4514,044d,2,15,000000001001001
890424e878,890424e83c,5,15,000000001001010
890424e830,890424e84a,5,15,000000001001011
890424e85b,000000e889,5,15,000000001001100
8903,fffd,2,15,000000001001101
e89f,e89b,2,15,000000001001110
1800,e8aa,2,15,000000001001111
e85b,e834,2,15,000000001010000
890424e858,890424e8a5,5,15,000000001010001
e896,8300,2,15,000000001010010
00e823,000051,3,15,000000001010011
000020,00000f,3,15,000000001010100
c1e9,7510,2,15,000000001010101
0090,ffc9,2,15,000000001010110
000001,24e83b,3,15,000000001010111
83e040,ffff81,3,15,000000001011000
8b55e4,00001c,3,15,000000001011001
837ddc,00001a,3,15,000000001011010
e8c6,e832,2,15,000000001011011
e814,036c,2,15,000000001011100
09d0,0029,2,15,000000001011101
7424,e8af,2,15,000000001011110
0068,e8b6,2,15,000000001011111
5500,e899,2,15,000000001100000
0c04,0600,2,15,000000001100001
e987,e8cb,2,15,000000001100010
7416,e08b,2,15,000000001100011
f88d,00fe,2,15,000000001100100
e8d7,45bd,2,15,000000001100101
08ff,ff90,2,15,000000001100110
e8c0,7de0,2,15,000000001100111
8b4508890424e8,000000c7042420,7,15,000000001101000
890424e86d,6246000062,5,15,000000001101001
000000e8da,890424e8ff,5,15,000000001101010
00000030,0100e87e,4,15,000000001101011
088b450c,0100e834,4,15,000000001101100
890424e890,890424e847,5,15,000000001101101
eb12,89cb,2,15,000000001101110
e95e,e89f,2,15,000000001101111
85c075f6,ff83ec04,4,15,000000001110000
ec28,0866,2,15,000000001110001
7442,24d4,2,15,000000001110010
890424e845,1c000000f0,5,15,000000001110011
890424e8e9,890424e8e4,5,15,000000001110100
890424e8a7,000000e850,5,15,000000001110101
0c88,e8a1,2,15,000000001110110
eb55,2052,2,15,000000001110111
f7ea,24b4,2,15,000000001111000
e836,7dc4,2,15,000000001111001
ff8a,eb0e,2,15,000000001111010
000000e4,0100e89a,4,15,000000001111011
6465,6565,2,15,000000001111100
89ca,e8f0,2,15,000000001111101
ff81,0040,2,15,000000001111110
890424e823,e7370000e7,5,15,000000001111111
045b,08c9,2,15,000000010000000
890424e8c9,890424e871,5,15,000000010000001
e84a,000d,2,15,000000010000010
ffe0,2494,2,15,000000010000011
02e8,4518,2,15,000000010000100
e899,05a4,2,15,000000010000101
e8b4,e82b,2,15,000000010000110
04ff,2444,2,15,000000010000111
890424e86e,890424e86a,5,15,000000010001000
e9d3,e876,2,15,000000010001001
1075,e8a0,2,15,000000010001010
890424e8bf,890424e832,5,15,000000010001011
e868,e8e6,2,15,000000010001100
890424e8e3,890424e89d,5,15,000000010001101
0043,e88a,2,15,000000010001110
02c5,e8cc,2,15,000000010001111
8b45fc8b,c7042403,4,15,000000010010000
8a02,05a5,2,15,000000010010001
89542414,0000007e,4,15,000000010010010
00000070,000000e0,4,15,000000010010011
000000c4,c7042404,4,15,000000010010100
8b45f88b,c7042414,4,15,000000010010101
89542408,00010000,4,15,000000010010110
ffff83ec0c8945,442408c7442404,7,15,000000010010111
0000000000000000000000000000,0000000000000000000000000000,14,15,000000010011000
85c07407,ffffff02,4,15,000000010011001
8a000fbe,c704244c,4,15,000000010011010
0200008b,00000080,4,15,000000010011011
ffffff00,00000040,4,15,000000010011100
01000083,c70424c4,4,15,000000010011101
00000002,0100e81c,4,15,000000010011110
00000041,0100e863,4,15,000000010011111
8b55e8,00001f,3,14,00000001010000
d08b45,000050,3,14,00000001010001
088904,24e8b3,3,14,00000001010010
000002,24e8b0,3,14,00000001010011
24e88f,0000c8,3,14,00000001010100
f00000000000,5589e583ec10,6,14,00000001010101
000083ec0889,8502420d0502,6,14,00000001010110
0c8a,24c4,2,14,00000001010111
00005c,24e8ee,3,14,00000001011000
84c075,460000,3,14,00000001011001
7363,ec8b,2,14,00000001011010
2000,c079,2,14,00000001011011
7572,00ba,2,14,00000001011100
0505,e8c7,2,14,00000001011101
7509,00f0,2,14,00000001011110
ffff53,0000b0,3,14,00000001011111
000008,000041,3,14,00000001100000
00008a,24e873,3,14,00000001100001
4f0000,0000a0,3,14,00000001100010
00e89d,000030,3,14,00000001100011
24e8b3,048955,3,14,00000001100100
0000c1,c745a4,3,14,00000001100101
eb29,ff74,2,14,00000001100110
e812,7400,2,14,00000001100111
148d,e80f,2,14,00000001101000
e801,e889,2,14,00000001101001
735f,0076,2,14,00000001101010
00ba,0038,2,14,00000001101011
f000,00c6,2,14,00000001101100
0000004c,83ec0889,4,14,00000001101101
e9fd,01e9,2,14,00000001101110
89542410,c7042494,4,14,00000001101111
890424e898,890424e883,5,14,00000001110000
2016,0083,2,14,00000001110001
048b,e8c2,2,14,00000001110010
028d,ffc7,2,14,00000001110011
006e,75c5,2,14,00000001110100
eb2c,0490,2,14,00000001110101
008b45f8,44240408,4,14,00000001110110
29c1,00c9,2,14,00000001110111
e840,e8a9,2,14,00000001111000
756d,8528,2,14,00000001111001
890424e8e0,890424e8f6,5,14,00000001111010
e8dd,f883,2,14,00000001111011
00e0,24b0,2,14,00000001111100
248b,eb98,2,14,00000001111101
7074,750e,2,14,00000001111110
00f4,cc8b,2,14,00000001111111
890424e844,890424e831,5,14,00000010000000
890424e850,890424e884,5,14,00000010000001
e86d,0046,2,14,00000010000010
890424e87d,ff83ec04c9,5,14,00000010000011
c008,e089,2,14,00000010000100
7408,0002,2,14,00000010000101
ffffffffffffffff,ffffffffffffffff,8,14,00000010000110
2578,003b,2,14,00000010000111
7379,01c5,2,14,00000010001000
ec89,e48b,2,14,00000010001001
000000d4,0100e8c2,4,14,00000010001010
8942,8a10,2,14,00000010001011
02000000,c70424b4,4,14,00000010001100
e8a8,7dc0,2,14,00000010001101
e823,ffe0,2,14,00000010001110
890424e852,890424e802,5,14,00000010001111
0072,ff72,2,14,00000010010000
3b45,55d0,2,14,00000010010001
00f1,242c,2,14,00000010010010
5558,494f,2,14,00000010010011
750e,6e61,2,14,00000010010100
4b0000,c745c0,3,14,00000010010101
ffff90,8b55d0,3,14,00000010010110
24088b,370000,3,14,00000010010111
8b45088910ff,000000000000,6,14,00000010011000
0000c704,83ec04c9,4,14,00000010011001
890424e8ce,890424e83e,5,14,00000010011010
890424e8e1,242a000024,5,14,00000010011011
890424e86b,450000bf45,5,14,00000010011100
000000bc,00000066,4,14,00000010011101
890424e8cd,890424e834,5,14,00000010011110
890424e843,890424e8b8,5,14,00000010011111
0000000000000000000000,0000000000000000000000,11,14,00000010100000
8b450c8a00,0000000001,5,14,00000010100001
45fc8b45,c70424e0,4,14,00000010100010
890424e88e,00c7442404,5,14,00000010100011
837d14,83e001,3,14,00000010100100
83e010,2408c7,3,14,00000010100101
1c0000,ffff51,3,14,00000010100110
24e853,45f88b,3,14,00000010100111
ffff7a,8d459c,3,14,00000010101000
f81f,741a,2,14,00000010101001
0000e0,ffff71,3,14,00000010101010
0098,eb25,2,14,00000010101011
e82f,00f8,2,14,00000010101100
89c8c1,24e8ce,3,14,00000010101101
1c00,5510,2,14,00000010101110
3d0000,00eb28,3,14,00000010101111
ffff59,ffffeb,3,14,00000010110000
ffff95,45fc8b,3,14,00000010110001
00005d,ffffe8,3,14,00000010110010
ffff25,ff83ec,3,14,00000010110011
00017c,642073,3,14,00000010110100
45e88b,000004,3,14,00000010110101
45148d,000061,3,14,00000010110110
450c89,0000b5,3,14,00000010110111
890424e8f1,2e0000372e,5,14,00000010111000
890424e818,00c7042438,5,14,00000010111001
ef4f0000ef,372e000037,5,14,00000010111010
7441000074,872a000087,5,14,00000010111011
890424e8d8,9f3800009f,5,14,00000010111100
890424e8c3,4300004f43,5,14,00000010111101
890424e8c0,0239000002,5,14,00000010111110
890424e8ae,3c0000b23c,5,14,00000010111111
890424e8a8,bf410000bf,5,14,00000011000000
0000000080,2a0000242a,5,14,00000011000001
890424e851,bf450000bf,5,14,00000011000010
890424e821,890424e878,5,14,00000011000011
890424e8cb,4f4300004f,5,14,00000011000100
443d000044,852cffffff,5,14,00000011000101
890424e89d,3800009f38,5,14,00000011000110
890424e83c,00c70424f4,5,14,00000011000111
bf4b0000bf,3900000239,5,14,00000011001000
890424e835,410000bf41,5,14,00000011001001
890424e8ef,2a0000872a,5,14,00000011001010
890424e8ca,00c7042440,5,14,00000011001011
890424e81c,b23c0000b2,5,14,00000011001100
8b45148d50048955148b,0000410e088502420d05,10,14,00000011001101
c085,003d,2,14,00000011001110
eb04,e001,2,14,00000011001111
7573,ebef,2,14,00000011010000
e96e,5424,2,14,00000011010001
05c4,ff8d,2,14,00000011010010
84c9,048d,2,14,00000011010011
8945fc8b,00000010,4,14,00000011010100
00000028,44240400,4,14,00000011010101
00000083,00008d9d,4,14,00000011010110
e9ce,ff4d,2,14,00000011010111
0080,ff00,2,14,00000011011000
0bf0,7578,2,14,00000011011001
0031,0039,2,14,00000011011010
0000005c,00000020,4,14,00000011011011
e94d,e871,2,14,00000011011100
00000080,0000000a,4,14,00000011011101
89cb,ec28,2,14,00000011011110
e932,e894,2,14,00000011011111
e89e,ff8b,2,14,00000011100000
0003,0060,2,14,00000011100001
e986,ec89,2,14,00000011100010
0059,008a,2,14,00000011100011
8b450c40,c70424aa,4,14,00000011100100
ec8b,e8f6,2,14,00000011100101
894424048b4508,ffff83ec0c8945,7,14,00000011100110
000000ba,c70424e5,4,14,00000011100111
e862,e9ab,2,14,00000011101000
2068,7523,2,14,00000011101001
2061,7413,2,14,00000011101010
0084,7416,2,14,00000011101011
7412,ff01,2,14,00000011101100
05f0,7466,2,14,00000011101101
0048,01eb,2,14,00000011101110
e942,ff80,2,14,00000011101111
e8bf,45b1,2,14,00000011110000
e998,7404,2,14,00000011110001
8528,b083,2,14,00000011110010
84c075e4,c70424e4,4,14,00000011110011
028b,204f,2,14,00000011110100
0044,03e8,2,14,00000011110101
0073,0007,2,14,00000011110110
e810,4510,2,14,00000011110111
00c9,e8ba,2,14,00000011111000
e004,e993,2,14,00000011111001
00c0,04c7,2,14,00000011111010
0039,148d,2,14,00000011111011
e807,4100,2,14,00000011111100
e8e7,7403,2,14,00000011111101
04c5,4424,2,14,00000011111110
45a4,ff45,2,14,00000011111111
008b45f4,00000018,4,14,00000100000000
83ca,fc8b,2,14,00000100000001
000044,83ec14,3,14,00000100000010
8b5510,000f84,3,14,00000100000011
837dfc,8b5510,3,14,00000100000100
0000ff,000001,3,14,00000100000101
000014,45f08b,3,14,00000100000110
ffffeb,450c8b,3,14,00000100000111
160400,0c8945,3,14,00000100001000
3b45f4,45fc89,3,14,00000100001001
45f889,8d45a0,3,14,00000100001010
890424e870,3300004433,5,14,00000100001011
890424e8dd,4433000044,5,14,00000100001100
890424e871,d4340000d4,5,14,00000100001101
890424e888,4437000044,5,14,00000100001110
890424e8aa,2f0000e42f,5,14,00000100001111
890424e87b,340000d434,5,14,00000100010000
890424e867,3e00005f3e,5,14,00000100010001
890424e824,00c7042484,5,14,00000100010010
890424e807,3700004437,5,14,00000100010011
890424e83e,e42f0000e4,5,14,00000100010100
890424e80f,5f3e00005f,5,14,00000100010101
ffff51,0083ec,3,14,00000100010110
1704,0f87,2,14,00000100010111
f401ca,83ec10,3,14,00000100011000
ffff8b,0000c6,3,14,00000100011001
2042,0009,2,14,00000100011010
200a,0044,2,14,00000100011011
8807,ff98,2,14,00000100011100
2050,e823,2,14,00000100011101
837df8,24e853,3,14,00000100011110
00000089,000000dc,4,14,00000100011111
dc8b55,000042,3,14,00000100100000
8801,853f,2,14,00000100100001
0401,84c9,2,14,00000100100010
8b852cffffff,5589e583ec18,6,14,00000100100011
890424e83d,00000000e8,5,14,00000100100100
890424e826,00c704245b,5,14,00000100100101
0083ec08c9,890424e8b9,5,14,00000100100110
890424e8d1,890424e8b6,5,14,00000100100111
890424e81e,0000624600,5,14,00000100101000
0014,7072,2,14,00000100101001
0504,89e5,2,14,00000100101010
29c2,e805,2,14,00000100101011
550c,eb12,2,14,00000100101100
6c65,8a34,2,14,00000100101101
00ff,740d,2,14,00000100101110
750c,002c,2,14,00000100101111
834d,1c00,2,14,00000100110000
4120,2092,2,14,00000100110001
4749,0f26,2,14,00000100110010
2043,fffe,2,14,00000100110011
5508,4508,2,14,00000100110100
7448,0054,2,14,00000100110101
00000090,c70424f0,4,14,00000100110110
e8d9,0005,2,14,00000100110111
108b450c,c70424d4,4,14,00000100111000
0088,6765,2,14,00000100111001
05c5,733a,2,14,00000100111010
02000083,0000005d,4,14,00000100111011
7523,0014,2,14,00000100111100
e835,18c7,2,14,00000100111101
f48b,01e8,2,14,00000100111110
4584,e88b,2,14,00000100111111
0484,00fa,2,14,00000101000000
4598,ff75,2,14,00000101000001
6e67,55e0,2,14,00000101000010
ffff0a,8d45ac,3,14,00000101000011
890424e89e,00c704249c,5,14,00000101000100
00000010,00000083,4,14,00000101000101
0000009c,45fc8b45,4,14,00000101000110
2400,2044,2,14,00000101000111
eb17,0025,2,14,00000101001000
00eb52,8b45b4,3,14,00000101001001
89450c,8d45c0,3,14,00000101001010
b083c3,642074,3,14,00000101001011
000fbf,00008a,3,14,00000101001100
108945,0000a1,3,14,00000101001101
ff45fc,0000ac,3,14,00000101001110
45fc00,0000ea,3,14,00000101001111
ffff48,00006f,3,14,00000101010000
c0740d,000054,3,14,00000101010001
ffff20,0000d7,3,14,00000101010010
7425,eb55,2,14,00000101010011
0000005d,c7042490,4,14,00000101010100
83e1,fcff,2,14,00000101010101
6372,458c,2,14,00000101010110
ffffff25,108b450c,4,14,00000101010111
0cc9,745f,2,14,00000101011000
d08d,ac83,2,14,00000101011001
020f,eb14,2,14,00000101011010
000000fc,c70424c0,4,14,00000101011011
4000,7d02,2,14,00000101011100
00000023,000000bc,4,14,00000101011101
8902,e8fb,2,14,00000101011110
4594,e96e,2,14,00000101011111
dc00,10c7,2,14,00000101100000
0000003d,c704247c,4,14,00000101100001
0000005b,ffffffc7,4,14,00000101100010
0c48,e8e7,2,14,00000101100011
ff09,d729,2,14,00000101100100
e8bb,5f57,2,14,00000101100101
0866,5508,2,14,00000101100110
8d4d,7473,2,14,00000101100111
4424,0016,2,14,00000101101000
5514,00e8,2,14,00000101101001
0000000e,44240404,4,14,00000101101010
8933,7448,2,14,00000101101011
85b7,8b85,2,14,00000101101100
ff8b,048b,2,14,00000101101101
1c000000fc,08890424e8,5,14,00000101101110
0f3700000f,00e7370000,5,14,00000101101111
890424e804,890424e88f,5,14,00000101110000
088a,f48b,2,14,00000101110001
2044,2041,2,14,00000101110010
83ec0c89,088b450c,4,14,00000101110011
01c2,7412,2,14,00000101110100
0885,000b,2,14,00000101110101
83ff,c605,2,14,00000101110110
f801,4000,2,14,00000101110111
0002,744c,2,14,00000101111000
7403,d088,2,14,00000101111001
0c83,00c0,2,14,00000101111010
107f,b800,2,14,00000101111011
c9c3,e9fd,2,14,00000101111100
000000dc,c7042420,4,14,00000101111101
0062,4749,2,14,00000101111110
442408c7442404,8b4508890424e8,7,14,00000101111111
890424e847,0062460000,5,14,00000110000000
890424e8d5,0000d43400,5,14,00000110000001
890424e8c2,0000e73700,5,14,00000110000010
ffffff30,000000eb,4,14,00000110000011
00000022,0000005c,4,14,00000110000100
00000011,000000fc,4,14,00000110000101
0f9fc0ff4d,004f430000,5,14,00000110000110
890424e876,009f380000,5,14,00000110000111
890424e85c,0044330000,5,14,00000110001000
00000085,c7042480,4,14,00000110001001
3700000f37,1c000000fc,5,14,00000110001010
ffffff83ef,00872a0000,5,14,00000110001011
e2390000e2,890424e8b3,5,14,00000110001100
390000e239,890424e866,5,14,00000110001101
890424e832,0002390000,5,14,00000110001110
2800009428,00e42f0000,5,14,00000110001111
9428000094,00c7042401,5,14,00000110010000
890424e864,0000372e00,5,14,00000110010001
8b45108d50048955108b0089,894424048b4508890424e831,12,13,0000011001001
4010,7475,2,13,0000011001010
0000cc,000062,3,13,0000011001011
83ec14,00005f,3,13,0000011001100
00000c,000020,3,13,0000011001101
000000ff450c,894424048b45,6,13,0000011001110
5589e583ec14,5589e583ec1c,6,13,0000011001111
401c,7375,2,13,0000011010000
0406,d08d,2,13,0000011010001
eb07,2050,2,13,0000011010010
8b10,7461,2,13,0000011010011
656e,f88d,2,13,0000011010100
ec1c,0885,2,13,0000011010101
08e9,fc89,2,13,0000011010110
0300fa,24088b,3,13,0000011010111
7410,0176,2,13,0000011011000
744c,010f,2,13,0000011011001
01d08a,b083c3,3,13,0000011011010
ffff17,0000bf,3,13,0000011011011
0000ef,837ddc,3,13,0000011011100
000097,c745f8,3,13,0000011011101
000077,000027,3,13,0000011011110
c010,ec04,2,13,0000011011111
0000c9,008945,3,13,0000011100000
0008,2420,2,13,0000011100001
8080,45fb,2,13,0000011100010
f483,ec18,2,13,0000011100011
2069,8810,2,13,0000011100100
7420,741b,2,13,0000011100101
fc3c,7424,2,13,0000011100110
206d,eb2c,2,13,0000011100111
000d,f88b,2,13,0000011101000
05e0,e80c,2,13,0000011101001
0c8d,e812,2,13,0000011101010
7269,8500,2,13,0000011101011
0c8945f4,000000a0,4,13,0000011101100
00000048,c7042406,4,13,0000011101101
000000c6,0000009c,4,13,0000011101110
837d1000,c7042402,4,13,0000011101111
50ff,7df8,2,13,0000011110000
fcff,743a,2,13,0000011110001
0488,7dfc,2,13,0000011110010
8000008b,008b45fc,4,13,0000011110011
008d9d,45f889,3,13,0000011110100
8d45f0,8d45ec,3,13,0000011110101
00006a,000014,3,13,0000011110110
8802ff,00006c,3,13,0000011110111
45f88b,ffff90,3,13,0000011111000
000021,ffff33,3,13,0000011111001
000047,ffff8d,3,13,0000011111010
010000e8,000000ba,4,13,0000011111011
c745f4,0000da,3,13,0000011111100
0000a1,00005c,3,13,0000011111101
00b8,8902,2,13,0000011111110
f7c7,ec1c,2,13,0000011111111
8b450c8a003c,ff83ec04c9c2,6,13,0000100000000
2b0000672b,00242a0000,5,13,0000100000001
0000000001,0044370000,5,13,0000100000010
672b000067,0000e42f00,5,13,0000100000011
00000020,010000c7,4,13,0000100000100
0000007c,000000a1,4,13,0000100000101
fffe,c008,2,13,0000100000110
ff00,6f75,2,13,0000100000111
e804,e998,2,13,0000100001000
e889,8985,2,13,0000100001001
45a8,eb03,2,13,0000100001010
004d,7567,2,13,0000100001011
0c01,440a,2,13,0000100001100
e089,fc83,2,13,0000100001101
2070,eb29,2,13,0000100001110
0011,ff81,2,13,0000100001111
45ec8b,89e583,3,13,0000100010000
45fcc1,83ec18,3,13,0000100010001
000083,00003a,3,13,0000100010010
ec10,506f,2,13,0000100010011
ff74,ec0c,2,13,0000100010100
0f00,89c8,2,13,0000100010101
0028,4551,2,13,0000100010110
010f,7408,2,13,0000100010111
e839,740c,2,13,0000100011000
ffffff88,00000001,4,13,0000100011001
c88b,02b0,2,13,0000100011010
7570,003c,2,13,0000100011011
088d,e94d,2,13,0000100011100
e88b,f089,2,13,0000100011101
000005,000085,3,13,0000100011110
0000000000000000,0000000000000000,8,13,0000100011111
ec14,e932,2,13,0000100100000
894424048b45,8b852cffffff,6,13,0000100100001
000000a0,0000005b,4,13,0000100100010
00bf4b0000,1c00000000,5,13,0000100100011
00ef4f0000,00bf410000,5,13,0000100100100
ffff4d,652073,3,13,0000100100101
ffff85,83e040,3,13,0000100100110
0079,0004,2,13,0000100100111
8943,ff0f,2,13,0000100101000
7431,7507,2,13,0000100101001
741f,400c,2,13,0000100101010
45088904,00000011,4,13,0000100101011
005d,8933,2,13,0000100101100
208b,f4ff,2,13,0000100101101
003b,8903,2,13,0000100101110
008b45dc,00000022,4,13,0000100101111
0c040400,ffffff25,4,13,0000100110000
6f72,2089,2,13,0000100110001
f4ff,74ea,2,13,0000100110010
f8ff,e9d3,2,13,0000100110011
0801,020f,2,13,0000100110100
ffff1d,00eb12,3,13,0000100110101
00443d0000,005f3e0000,5,13,0000100110110
0000b8,c745c8,3,13,0000100110111
00000f,ffff95,3,13,0000100111000
0000744100,00005f3e00,5,13,0000100111001
ffff18,f88945,3,13,0000100111010
000076,746976,3,13,0000100111011
08a1,756d,2,13,0000100111100
29c7,7518,2,13,0000100111101
00a1,0079,2,13,0000100111110
01c5,dc00,2,13,0000100111111
ff7f,45f7,2,13,0000101000000
55f8,00b8,2,13,0000101000001
8500,744b,2,13,0000101000010
7df8,e942,2,13,0000101000011
8540,0062,2,13,0000101000100
0284,7425,2,13,0000101000101
ffffff78,c7042405,4,13,0000101000110
80000000,00000023,4,13,0000101000111
00000040,8b45fc89,4,13,0000101001000
0000443d00,0000443700,5,13,0000101001001
00008b450c,1c000000dc,5,13,0000101001010
2083,d8c6,2,13,0000101001011
e902,e986,2,13,0000101001100
4020,6d61,2,13,0000101001101
b700,8943,2,13,0000101001110
7406,0f85,2,13,0000101001111
0000000c,0000003d,4,13,0000101010000
e48b,0cc7,2,13,0000101010001
34ffffff,0000000e,4,13,0000101010010
ffff45,ffff59,3,13,0000101010011
000025,ffff48,3,13,0000101010100
0074410000,0000b23c00,5,13,0000101010101
7479,6563,2,13,0000101010110
4580,640a,2,13,0000101010111
0070,0c98,2,13,0000101011000
0021,f809,2,13,0000101011001
45d7,8db5,2,13,0000101011010
853f,c1e0,2,13,0000101011011
55e0,eb17,2,13,0000101011100
f089,0488,2,13,0000101011101
740c,01c9,2,13,0000101011110
0402,000a,2,13,0000101011111
c000,8955,2,13,0000101100000
8db5,4553,2,13,0000101100001
00000001,8b45088a,4,13,0000101100010
000f370000,c744240400,5,13,0000101100011
1c000000dc,0000443300,5,13,0000101100100
0000672b00,0000bf4500,5,13,0000101100101
8d45f8,000025,3,13,0000101100110
0000bf4b00,8b45fc8904,5,13,0000101100111
0000ef4f00,00b23c0000,5,13,0000101101000
00001c,ffff7a,3,13,0000101101001
34ffffff8a,00bf450000,5,13,0000101101010
000009,8b45cc,3,13,0000101101011
0083,d089,2,13,0000101101100
6970,04c5,2,13,0000101101101
e800,0030,2,13,0000101101110
f001,7d08,2,13,0000101101111
2030,eb04,2,13,0000101110000
2046,0485,2,13,0000101110001
ff75,f489,2,13,0000101110010
0100,0503,2,13,0000101110011
00e2390000,00372e0000,5,13,0000101110100
00000004,008b45dc,4,13,0000101110101
0000942800,00c704244d,5,13,0000101110110
45f08b,0100c7,3,13,0000101110111
008b45fc,0000007c,4,13,0000101111000
00c7442408,0000872a00,5,13,0000101111001
2062,8d65,2,13,0000101111010
3078,4085,2,13,0000101111011
05a0,204d,2,13,0000101111100
8560,2064,2,13,0000101111101
0579,8b10,2,13,0000101111110
fc8b,008b,2,13,0000101111111
756c,e820,2,13,0000110000000
e008,eb32,2,13,0000110000001
8564,8b4d,2,13,0000110000010
00000003,ffffff88,4,13,0000110000011
c745ac,442410,3,13,0000110000100
00672b0000,00004f4300,5,13,0000110000101
0000e23900,000000c704,5,13,0000110000110
55fc,088d,2,13,0000110000111
f88b,2424,2,13,0000110001000
058d,6465,2,13,0000110001001
0503,f7c7,2,13,0000110001010
ffff41,0000ff,3,13,0000110001011
55f0,278d,2,13,0000110001100
0289,45b4,2,13,0000110001101
7365,2053,2,13,0000110001110
8000,e9ce,2,13,0000110001111
0883,636f,2,13,0000110010000
c785,204e,2,13,0000110010001
2573,0028,2,13,0000110010010
7220,0801,2,13,0000110010011
85c0740d,0000001c,4,13,0000110010100
0410,0042,2,13,0000110010101
45f6,c000,2,13,0000110010110
1085,450c,2,13,0000110010111
45b4,7418,2,13,0000110011000
75f9,6f64,2,13,0000110011001
696c,8540,2,13,0000110011010
0020,04b0,2,13,0000110011011
856c,c355,2,13,0000110011100
2077,0502,2,13,0000110011101
5020,fc00,2,13,0000110011110
0000004e,370000e7,4,13,0000110011111
5589e583ec0c,5589e583ec04,6,13,0000110100000
8550,7261,2,13,0000110100001
00000000410e088502420d0579,00000000410e088502420d0579,13,13,0000110100010
00c6,5f52,2,13,0000110100011
0078,2067,2,13,0000110100100
fc89,7513,2,13,0000110100101
0c66,0410,2,13,0000110100110
0405,c704,2,13,0000110100111
2025,2418,2,13,0000110101000
05a8,83ca,2,13,0000110101001
668945ec,008b45b0,4,13,0000110101010
0000000f,0000008a,4,13,0000110101011
008b4508,108b45fc,4,13,0000110101100
000000ff,0000008d,4,13,0000110101101
45b083c3,46000062,4,13,0000110101110
005589e583ec04,005589e583ec04,7,13,0000110101111
0085,2400,2,13,0000110110000
7519,0284,2,13,0000110110001
02c6,2410,2,13,0000110110010
e820,02c6,2,13,0000110110011
003c,eb52,2,13,0000110110100
7563,7453,2,13,0000110110101
410e088502420d05,ffff83ec04c9c204,8,13,0000110110110
0c8b4508c70020,8b45fc890424e8,7,13,0000110110111
8b45fc890424e8,00000000000000,7,13,0000110111000
894424048b4508890424e8,894424048b4508890424e8,11,13,0000110111001
00000f3700,00d4340000,5,12,000011011101
c744240404,0000bf4100,5,12,000011011110
0a0000,000047,3,12,000011011111
000066,8b4520,3,12,000011100000
c744240420,0000023900,5,12,000011100001
00008b4508,0000242a00,5,12,000011100010
8b55d0,0000e7,3,12,000011100011
0000eb,ffff53,3,12,000011100100
000000b8,85c0740d,4,12,000011100101
0000001c,0000000c,4,12,000011100110
733a,0085,2,12,000011100111
e803,7406,2,12,000011101000
83ec04c9,00000089,4,12,000011101001
08eb,2049,2,12,000011101010
e80c,206e,2,12,000011101011
8570,6561,2,12,000011101100
c704240a,0000003c,4,12,000011101101
616c,0289,2,12,000011101110
c605,2065,2,12,000011101111
741a,459c,2,12,000011110000
6f5f,ec14,2,12,000011110001
e866,0050,2,12,000011110010
10c7,2069,2,12,000011110011
0386,696f,2,12,000011110100
1489,0010,2,12,000011110101
0030,6e74,2,12,000011110110
45ff,5514,2,12,000011110111
008b45b0,c7042401,4,12,000011111000
d08b,d0c1,2,12,000011111001
890424,8b45c4,3,12,000011111010
008d,55f8,2,12,000011111011
088945,ffff1d,3,12,000011111100
5f69,7272,2,12,000011111101
0cc7,45c4,2,12,000011111110
2027,e803,2,12,000011111111
017c,7422,2,12,000100000000
8574,45d4,2,12,000100000001
6420,2043,2,12,000100000010
741b,0008,2,12,000100000011
ff85,206f,2,12,000100000100
7973,85b7,2,12,000100000101
9d,82,1,12,000100000110
fc890424e8,00010000e8,5,12,000100000111
45f48b,ffffc7,3,12,000100001000
8b45a8,ffff18,3,12,000100001001
89542404,00000008,4,12,000100001010
71,96,1,12,000100001011
ffff83,ffff4d,3,12,000100001100
0fbe,45bc,2,12,000100001101
8568,7570,2,12,000100001110
500c,f08b,2,12,000100001111
0ce0,894c,2,12,000100010000
7531,6f20,2,12,000100010001
ffff0f,042400,3,12,000100010010
00e9,6164,2,12,000100010011
455f,90eb,2,12,000100010100
746f,ec08,2,12,000100010101
ec0c,89d1,2,12,000100010110
0cb4,e866,2,12,000100010111
04000000,00000085,4,12,000100011000
ffffff10,85c00f85,4,12,000100011001
008b00,8b0089,3,12,000100011010
ffffc7,ffff89,3,12,000100011011
c743,83e1,2,12,000100011100
3d000044,005589e5,4,12,000100011101
0000000000,1c0000007c,5,12,000100011110
8b4520,ffff45,3,12,000100011111
8b45148d50048955148b0089,8b45148d50048955148b0089,12,12,000100100000
02b0,5f69,2,12,000100100001
0201,8845,2,12,000100100010
7468,7369,2,12,000100100011
048d,241c,2,12,000100100100
45ac,c00f,2,12,000100100101
8934,3078,2,12,000100100110
41000074,b000eb02,4,12,000100100111
00c7442404,1c000000bc,5,12,000100101000
00410e088502420d05,00410e088502420d05,9,12,000100101001
f800,75f9,2,12,000100101010
eb28,b700,2,12,000100101011
0c85,1489,2,12,000100101100
8d2c,45d7,2,12,000100101101
ec18,107f,2,12,000100101110
55ec,0fbe,2,12,000100101111
458c,0883,2,12,000100110000
0583,6574,2,12,000100110001
e010,6e20,2,12,000100110010
ffffff83e0,1c0000009c,5,12,000100110011
a6,97,1,12,000100110100
4b0000bf,ffffff78,4,12,000100110101
e830,7469,2,12,000100110110
0288,c743,2,12,000100110111
4f0000ef,ffffff30,4,12,000100111000
08c7,0c89,2,12,000100111001
e3,ed,1,12,000100111010
c745c4,048b45,3,12,000100111011
0f85,008d,2,12,000100111100
00e8,08c7,2,12,000100111101
000c,eb07,2,12,000100111110
a7,db,1,12,000100111111
f08b,45c8,2,12,000101000000
4089,7572,2,12,000101000001
ffff83ec0c8945fc8b45,8b45148d50048955148b,10,12,000101000010
83f807,8d45f4,3,12,000101000011
0000003c,000000b8,4,12,000101000100
ec15,e902,2,12,000101000101
5510,001c,2,12,000101000110
696e,7220,2,12,000101000111
8578,2042,2,12,000101001000
8558,088b,2,12,000101001001
048b4508,000000c6,4,12,000101001010
83e2,f400,2,12,000101001011
1c000000bc,00c744240c,5,12,000101001100
0550,ff83,2,12,000101001101
4510,ec10,2,12,000101001110
0094280000,00009f3800,5,12,000101001111
92,9f,1,12,000101010000
8b55f4,442418,3,12,000101010001
45fc8b,c745ac,3,12,000101010010
048b45,790000,3,12,000101010011
837de0,0c8b40,3,12,000101010100
ff45,741f,2,12,000101010101
c08b,7379,2,12,000101010110
ffd2,07b8,2,12,000101010111
0000008d,000000c7,4,12,000101011000
ed,dd,1,12,000101011001
c704,8934,2,12,000101011010
0184,7407,2,12,000101011011
1083,45b8,2,12,000101011100
fc83,00e9,2,12,000101011101
6c6573,080000,3,12,000101011110
008a,6f63,2,12,000101011111
203d,e830,2,12,000101100000
45bc,45d0,2,12,000101100001
0000008a,0000000f,4,12,000101100010
008b45,0000cc,3,12,000101100011
93,da,1,12,000101100100
cf,a6,1,12,000101100101
0305,0078,2,12,000101100110
008945,0000eb,3,12,000101100111
0a000000,0000004e,4,12,000101101000
e805,656e,2,12,000101101001
eb52,7573,2,12,000101101010
853e,7374,2,12,000101101011
ff10,148b,2,12,000101101100
8945c0,c0740d,3,12,000101101101
8945bc,c9c204,3,12,000101101110
c744240400,1c0000005c,5,12,000101101111
857c,6661,2,12,000101110000
ffff89,ffff41,3,12,000101110001
6573,c010,2,12,000101110010
0570,f001,2,12,000101110011
ff4d,ff10,2,12,000101110100
459c,e040,2,12,000101110101
ec04,e010,2,12,000101110110
0424e8,c9c208,3,12,000101110111
99,a2,1,12,000101111000
ffff83ec04c9c204,ffff83ec0c8945fc,8,12,000101111001
740a,2401,2,12,000101111010
85c00f85,45088904,4,12,000101111011
0083ec04,00c74424,4,12,000101111100
0485,017a,2,12,000101111101
0489,6973,2,12,000101111110
8b451c,8945e4,3,12,000101111111
45b8,0700,2,12,000110000000
0000e9,088945,3,12,000110000001
04b0,202d,2,12,000110000010
45b0,7410,2,12,000110000011
0540,2062,2,12,000110000100
45c4,000c,2,12,000110000101
0025,0386,2,12,000110000110
7418,0489,2,12,000110000111
89d9,2054,2,12,000110001000
ff83ec08,c744240c,4,12,000110001001
5008,240c,2,12,000110001010
8d34,f007,2,12,000110001011
4004,2000,2,12,000110001100
0fbf,017c,2,12,000110001101
89de,6172,2,12,000110001110
5f45,7665,2,12,000110001111
0560,00da,2,12,000110010000
34ff,89d9,2,12,000110010001
45c0,83ec,2,12,000110010010
734c,85ff,2,12,000110010011
202d,1085,2,12,000110010100
7461,eb28,2,12,000110010101
5f50,45e8,2,12,000110010110
400c,756c,2,12,000110010111
7879,853e,2,12,000110011000
45de,6e67,2,12,000110011001
5589e583ec08,0000c7442404,6,12,000110011010
4508,0500,2,12,000110011011
b800,5ff4,2,12,000110011100
008b,0c8b,2,12,000110011101
8548,c785,2,12,000110011110
741d,5f4e,2,12,000110011111
f400,2077,2,12,000110100000
494f,c204,2,12,000110100001
ec08,45a8,2,12,000110100010
04c7,2061,2,12,000110100011
eb01,8d14,2,12,000110100100
85ff,c208,2,12,000110100101
c00f,45c0,2,12,000110100110
6365,6e64,2,12,000110100111
0089,0201,2,12,000110101000
0c89,ff85,2,12,000110101001
005589e583ec14,c50c040400001c,7,12,000110101010
180406,0000b8,3,12,000110101011
45fc890424e8,45fc890424e8,6,12,000110101100
5589e583ec04,ffff83ec04c9,6,12,000110101101
ffff83ec0c8945fc8b,148d50048955148b00,9,11,00011010111
8945c4,895514,3,11,00011011000
ce,e5,1,11,00011011001
8b45b8,83ec1c,3,11,00011011010
00000016,000000e9,4,11,00011011011
aa,d5,1,11,00011011100
895424,652066,3,11,00011011101
2cffffff83,000000008b,5,11,00011011110
9e,d9,1,11,00011011111
45fc83,55148b,3,11,00011100000
8b45b4,500489,3,11,00011100001
1c0000007c,8945fc8b45,5,11,00011100010
b2,91,1,11,00011100011
91,e7,1,11,00011100100
0c008b,8b45c0,3,11,00011100101
45f88d,8b45e4,3,11,00011100110
ffff3f,64202d,3,11,00011100111
89442408c744240404,ffffffffffffffffff,9,11,00011101000
148b00,8b550c,3,11,00011101001
8f,ce,1,11,00011101010
1c0000001c,894424048b,5,11,00011101011
45b083,ffff83,3,11,00011101100
9f,df,1,11,00011101101
e7,99,1,11,00011101110
89442408c7,00c7042400,5,11,00011101111
83ec08,8b55f8,3,11,00011110000
1c0000009c,89442408c7,5,11,00011110001
45d4,5004,2,11,00011110010
a2,ae,1,11,00011110011
89f8,7468,2,11,00011110100
fc00,1000,2,11,00011110101
7407,68ff,2,11,00011110110
8b4004,008b45,3,11,00011110111
6f70,4544,2,11,00011111000
e5,9b,1,11,00011111001
00000000eb,000000c744,5,11,00011111010
b3,cf,1,11,00011111011
8b4518,c00f85,3,11,00011111100
8b45bc,000008,3,11,00011111101
8945cc,8b45ec,3,11,00011111110
7532,6d65,2,11,00011111111
6e64,8d2c,2,11,00100000000
088b,0889,2,11,00100000001
e003,7269,2,11,00100000010
0889,2408,2,11,00100000011
45c8,2063,2,11,00100000100
7465,2030,2,11,00100000101
ee,8f,1,11,00100000110
8b0000,652030,3,11,00100000111
ff83ec04,8b450c8b,4,11,00100001000
d9,b3,1,11,00100001001
e01f,7365,2,11,00100001010
2066,0300,2,11,00100001011
83ef,0089,2,11,00100001100
e040,6c69,2,11,00100001101
8b55e0,83ec04,3,11,00100001110
6a,86,1,11,00100001111
8806,8b00,2,11,00100010000
10f5,656d,2,11,00100010001
8534,2414,2,11,00100010010
6564,83e2,2,11,00100010011
240c,8d34,2,11,00100010100
c7042400,ffffff10,4,11,00100010101
89f0,45d8,2,11,00100010110
1c0000005c,ffffffffff,5,11,00100010111
837dd8,546573,3,11,00100011000
8b45d0,8945e8,3,11,00100011001
9b,e3,1,11,00100011010
0000410e088502420d05,4424048b4508890424e8,10,11,00100011011
8b45c4,ffff85,3,11,00100011100
83ec04,feffff,3,11,00100011101
22,a7,1,11,00100011110
852c,2072,2,11,00100011111
7b,af,1,11,00100100000
8b45ac83,ffffff89,4,11,00100100001
8b45fc8904,1c0000001c,5,11,00100100010
1c0000003c,1c0000003c,5,11,00100100011
7432,000f,2,11,00100100100
8945d0,00eb52,3,11,00100100101
726f,45b0,2,11,00100100110
e015,e002,2,11,00100100111
b9,92,1,11,00100101000
6b,9a,1,11,00100101001
000000eb,668945ec,4,11,00100101010
c00c,89f8,2,11,00100101011
8b55fc,83ec0c,3,11,00100101100
2a,8e,1,11,00100101101
96,51,1,11,00100101110
8e,c5,1,11,00100101111
ef,9e,1,11,00100110000
0f8e,8534,2,11,00100110001
6520,8a45,2,11,00100110010
ab,22,1,11,00100110011
d089,45ec,2,11,00100110100
00000074,ffffff8b,4,11,00100110101
108b45,442408,3,11,00100110110
d2,93,1,11,00100110111
894c,89f0,2,11,00100111000
0190,2046,2,11,00100111001
e001,1400,2,11,00100111010
00000000c7,c744240409,5,11,00100111011
8945d4,8d45f0,3,11,00100111100
c089,89c2,2,11,00100111101
af,d2,1,11,00100111110
ae,4a,1,11,00100111111
2073,f800,2,11,00101000000
048945,8b451c,3,11,00101000001
8914,89d0,2,11,00101000010
45b7,1083,2,11,00101000011
8b550c,8d45f8,3,11,00101000100
00008b,8945e0,3,11,00101000101
19,b1,1,11,00101000110
b5,3e,1,11,00101000111
2410,0100,2,11,00101001000
75fa,011b,2,11,00101001001
410e088502420d0503,89442408c744240404,9,11,00101001010
0066,24e8,2,11,00101001011
4008,83f0,2,11,00101001100
ffffff8a,45fc8904,4,11,00101001101
c50c040400001c,ffff83ec04c9c2,7,11,00101001110
d5,e1,1,11,00101001111
01f8,01f8,2,11,00101010000
8b450c8b,00000074,4,11,00101010001
b1,6a,1,11,00101010010
148b,746f,2,11,00101010011
89d7,45e0,2,11,00101010100
62,7e,1,11,00101010101
c204,b000,2,11,00101010110
8d14,83ef,2,11,00101010111
8b45c0,c07404,3,11,00101011000
cd,bb,1,11,00101011001
00c7,7320,2,11,00101011010
c075,eb0b,2,11,00101011011
7a,2e,1,11,00101011100
1a,19,1,11,00101011101
8945b0,8945dc,3,11,00101011110
4a,e6,1,11,00101011111
36,9d,1,11,00101100000
d0d1,c9c2,2,11,00101100001
83ec0489,00008b45,4,11,00101100010
bf,2f,1,11,00101100011
ffff83ec04c9c2,005589e583ec14,7,11,00101100100
000089,442404,3,11,00101100101
0000e8,c745fc,3,11,00101100110
bd,b2,1,11,00101100111
838d,7563,2,11,00101101000
bb,71,1,11,00101101001
000000c7,04000000,4,11,00101101010
894424,00008d,3,11,00101101011
b80c,84c0,2,11,00101101100
f1,ad,1,11,00101101101
4304,45dc,2,11,00101101110
1d,7c,1,11,00101101111
7dfc,6564,2,11,00101110000
8b4d,6421,2,11,00101110001
83f0,5043,2,11,00101110010
ad,aa,1,11,00101110011
68ff,34ff,2,11,00101110100
8b95,696c,2,11,00101110101
d6,17,1,11,00101110110
0000008b,8b45148d,4,11,00101110111
0424,0f8e,2,11,00101111000
011b,7825,2,11,00101111001
23,5a,1,11,00101111010
c208,2404,2,11,00101111011
83ec,c089,2,11,00101111100
83c3,c308,2,11,00101111101
e002,616e,2,11,00101111110
017a,8950,2,11,00101111111
45d0,206d,2,11,00110000000
cb,11,1,11,00110000001
24e8,108b,2,11,00110000010
df,8c,1,11,00110000011
2020,c075,2,11,00110000100
4424048b4508890424e8,00410e088502420d0502,10,11,00110000101
1000,838d,2,11,00110000110
450c,6573,2,11,00110000111
6572,89d7,2,11,00110001000
5a,a3,1,11,00110001001
1e,cd,1,11,00110001010
00eb,6f72,2,11,00110001011
000000e9,c7442410,4,11,00110001100
8b852cffffff83,894424048b4508,7,11,00110001101
8b45148d50048955148b00,8b45148d50048955148b00,11,11,00110001110
3030,8806,2,11,00110001111
9a,d6,1,11,00110010000
05b8,45ff,2,11,00110010001
00f0,4089,2,11,00110010010
0400,83c3,2,11,00110010011
45d8,5f50,2,11,00110010100
000000c70424,000000c70424,6,11,00110010101
8b45cc,b000eb,3,10,0011001011
8945e4,c645b7,3,10,0011001100
8b45d4,c07410,3,10,0011001101
000083ec08,5589e583ec,5,10,0011001110
8b45ac,c745c4,3,10,0011001111
8945dc,0000e8,3,10,0011010000
2f,59,1,10,0011010001
8945d8,0a0000,3,10,0011010010
de,1f,1,10,0011010011
f5,de,1,10,0011010100
0800e8,00008b,3,10,0011010101
a9,d3,1,10,0011010110
3f,9c,1,10,0011010111
82,ee,1,10,0011011000
13,7b,1,10,0011011001
db,7a,1,10,0011011010
00c70424,0100c704,4,10,0011011011
2b,1e,1,10,0011011100
8b4514,ffff3f,3,10,0011011101
83ec0c,8b45c8,3,10,0011011110
4f,36,1,10,0011011111
8b55f8,8b45f4,3,10,0011100000
59,6b,1,10,0011100001
c745f8,8945ec,3,10,0011100010
8b45088904,00000000eb,5,10,0011100011
442404ba,00000016,4,10,0011100100
83c8,6689,2,10,0011100101
1089,0f84,2,10,0011100110
dd,1b,1,10,0011100111
e6,2a,1,10,0011101000
0c0404,8b5508,3,10,0011101001
8b50,45e4,2,10,0011101010
17,1a,1,10,0011101011
d0c1,45f0,2,10,0011101100
37,cb,1,10,0011101101
c70424d5,c50c0404,4,10,0011101110
8850,45b7,2,10,0011101111
1f,1d,1,10,0011110000
3e,b9,1,10,0011110001
0074,0190,2,10,0011110010
ba,2b,1,10,0011110011
f889,0c00,2,10,0011110100
8b45e0,8b4518,3,10,0011110101
45cc,7465,2,10,0011110110
35,bf,1,10,0011110111
8b45fc89,c7442408,4,10,0011111000
8945ac,657374,3,10,0011111001
077e,0483,2,10,0011111010
0001,0400,2,10,0011111011
8b45b0,0c0404,3,10,0011111100
f2,bd,1,10,0011111101
e1,ab,1,10,0011111110
000f,05b8,2,10,0011111111
26,23,1,10,0100000000
0200,2074,2,10,0100000001
0010,8b95,2,10,0100000010
800000,8b55e0,3,10,0100000011
32,5c,1,10,0100000100
ac40,45ac,2,10,0100000101
2404,6f6e,2,10,0100000110
97,2d,1,10,0100000111
c5,3b,1,10,0100001000
0c8945fc,8945fc8b,4,10,0100001001
8945c8,8b45dc,3,10,0100001010
8950,0001,2,10,0100001011
b6,3d,1,10,0100001100
0500,c074,2,10,0100001101
8945e8,44240c,3,10,0100001110
ea,95,1,10,0100001111
51,16,1,10,0100010000
60,4b,1,10,0100010001
89d1,00eb,2,10,0100010010
8b00,7420,2,10,0100010011
8b45c8,000083,3,10,0100010100
33,3f,1,10,0100010101
4b,a9,1,10,0100010110
8b45148d,000083ec,4,10,0100010111
8530,ac40,2,10,0100011000
000000008b,0000c74424,5,10,0100011001
45e0,4154,2,10,0100011010
86,ba,1,10,0100011011
668945,8945b0,3,10,0100011100
8945e0,0000c7,3,10,0100011101
45e8,0fb6,2,10,0100011110
58,f5,1,10,0100011111
0fb7,6f73,2,10,0100100000
5589e5,8b45f0,3,10,0100100001
bc,b5,1,10,0100100010
8845,0200,2,10,0100100011
8985,6567,2,10,0100100100
00000000000000,8b852cffffff83,7,10,0100100101
1b,94,1,10,0100100110
45ec,83c0,2,10,0100100111
ffffff83,2cffffff,4,10,0100101000
85c00f,837dd8,3,10,0100101001
a3,0d,1,10,0100101010
0d,a1,1,10,0100101011
2408,83e0,2,10,0100101100
00008d,656420,3,10,0100101101
8c,ca,1,10,0100101110
0483,3030,2,10,0100101111
c703,2070,2,10,0100110000
8d45a8,000089,3,10,0100110001
be,67,1,10,0100110010
108b,2066,2,10,0100110011
7e,5e,1,10,0100110100
2cffffff,ffffff8a,4,10,0100110101
8b5508,8945d8,3,10,0100110110
89c2,0a00,2,10,0100110111
0c8945,83ec08,3,10,0100111000
31,32,1,10,0100111001
001c000000,000083ec04,5,10,0100111010
f6,b6,1,10,0100111011
ff03,1089,2,10,0100111100
46,f1,1,10,0100111101
c074,ec33,2,10,0100111110
a8,77,1,10,0100111111
45dc,7265,2,10,0101000000
4e,a4,1,10,0101000001
0c8b,45f4,2,10,0101000010
8945ec,894424,3,10,0101000011
1485,2073,2,10,0101000100
feffff,8945f0,3,10,0101000101
77,ef,1,10,0101000110
89c8,2020,2,10,0101000111
87,3a,1,10,0101001000
12,b0,1,10,0101001001
8955,8b40,2,10,0101001010
8b45d8,108b45,3,10,0101001011
a5,15,1,10,0101001100
5e,f9,1,10,0101001101
8b45e8,8945c8,3,10,0101001110
ff0f,45fc,2,10,0101001111
56,35,1,10,0101010000
15,13,1,10,0101010001
b7,0e,1,10,0101010010
6d,60,1,10,0101010011
8d45,6167,2,10,0101010100
ca,98,1,10,0101010101
45fc,45cc,2,10,0101010110
8b85,6169,2,10,0101010111
8b45dc,8b45d8,3,10,0101011000
21,21,1,10,0101011001
7c,be,1,10,0101011010
d3,ac,1,10,0101011011
c645,8910,2,10,0101011100
0075,8530,2,10,0101011101
67,ea,1,10,0101011110
7507,c703,2,10,0101011111
0502,4304,2,10,0101100000
8b45088b,0000008b,4,10,0101100001
5b,87,1,10,0101100010
57,26,1,10,0101100011
0e,5b,1,10,0101100100
9c,d4,1,10,0101100101
cc,b7,1,10,0101100110
94,0b,1,10,0101100111
8d9d,7373,2,10,0101101000
005589e5,6573745f,4,10,0101101001
fd,62,1,10,0101101010
0b,58,1,10,0101101011
fa,56,1,10,0101101100
79,12,1,10,0101101101
45e4,c9c3,2,10,0101101110
2d,7f,1,10,0101101111
d7,a8,1,10,0101110000
89d0,6974,2,10,0101110001
c50c0404,8b450889,4,10,0101110010
0300,2573,2,10,0101110011
ffffff89,01000000,4,10,0101110100
c7442408,c7042400,4,10,0101110101
0f84,696e,2,10,0101110110
eb0b,01d0,2,10,0101110111
89442408c7442404,89442408c7442404,8,10,0101111000
005589e583ec,c50c04040000,6,10,0101111001
83e001,726561,3,9,010111101
7f,37,1,9,010111110
c745fc,3a2049,3,9,010111111
2c,bc,1,9,011000000
85c074,8945ac,3,9,011000001
8b45e4,8b45b0,3,9,011000010
c9,cc,1,9,011000011
c4,d1,1,9,011000100
d4,fb,1,9,011000101
c1e816,45f88d,3,9,011000110
0800c7,8b852c,3,9,011000111
fb,f2,1,9,011001000
088b45,f00184,3,9,011001001
89442408,0000b000,4,9,011001010
894424048b,ffffff83e0,5,9,011001011
b4,4e,1,9,011001100
5004,6554,2,9,011001101
4c,48,1,9,011001110
95,f6,1,9,011001111
5c,e2,1,9,011010000
45f4,83f8,2,9,011010001
8b450889,8b45ac83,4,9,011010010
98,b4,1,9,011010011
8945f0,8b45f8,3,9,011010100
0000c7,84c074,3,9,011010101
040000,8b45ac,3,9,011010110
6689,c645,2,9,011010111
8b45088b40,ffff83ec0c,5,9,011011000
78,d8,1,9,011011001
42,24,1,9,011011010
442404,088b45,3,9,011011011
45f8,3a20,2,9,011011100
48,31,1,9,011011101
2e,1c,1,9,011011110
a4,fa,1,9,011011111
ffffffffffffffffff,ffff83ec0c8945fc8b,9,9,011100000
3b,33,1,9,011100001
ffff83ec,0a000000,4,9,011100010
005589e583,000083ec08,5,9,011100011
ac,d7,1,9,011100100
8b4510,45b083,3,9,011100101
68,90,1,9,011100110
11,c4,1,9,011100111
83c0,6c65,2,9,011101000
8945fc,8b4514,3,9,011101001
b0,a5,1,9,011101010
020000,8b4510,3,9,011101011
49,a0,1,9,011101100
000000e8,ffffff83,4,9,011101101
85c0,6572,2,9,011101110
8b45ec,5589e5,3,9,011101111
3a,0a,1,9,011110000
55,81,1,9,011110001
0a,46,1,9,011110010
442408,8945f4,3,9,011110011
c1e8,45f8,2,9,011110100
16,4f,1,9,011110101
f3,54,1,9,011110110
45f0,077e,2,9,011110111
43,52,1,9,011111000
c9c204,837dfc,3,9,011111001
83f8,0074,2,9,011111010
ffffffff,ffff83ec,4,9,011111011
34,c8,1,9,011111100
54,2c,1,9,011111101
52,38,1,9,011111110
c8,57,1,9,011111111
83e0,f889,2,9,100000000
a1,09,1,9,100000001
7d,4c,1,9,100000010
fe,e8,1,9,100000011
a0,3c,1,9,100000100
8b40,6420,2,9,100000101
8b0089,85c00f,3,9,100000110
c1e0,0075,2,9,100000111
d1,55,1,9,100001000
85c075,c74424,3,9,100001001
8954,726f,2,9,100001010
ff,42,1,9,100001011
8945f4,8945f8,3,9,100001100
0900,6520,2,9,100001101
47,7d,1,9,100001110
39,76,1,9,100001111
ffffff8b,5589e583,4,9,100010000
c1e002,85c074,3,9,100010001
38,f3,1,9,100010010
6c,e4,1,9,100010011
70,f0,1,9,100010100
45,84,1,9,100010101
8910,b001,2,9,100010110
81,72,1,9,100010111
00008b45,00c70424,4,9,100011000
27,27,1,9,100011001
00000008,ffffffff,4,9,100011010
84,6c,1,9,100011011
8b45f0,8d45a8,3,9,100011100
e2,44,1,9,100011101
0a00,85c0,2,9,100011110
5589e583ec,0000b000eb,5,9,100011111
63,78,1,9,100100000
5f,dc,1,9,100100001
c50c04040000,005589e583ec,6,9,100100010
8945f8,040000,3,9,100100011
e4,50,1,9,100100100
3c,6e,1,9,100100101
76,39,1,9,100100110
09,43,1,9,100100111
1c,47,1,9,100101000
6f,fd,1,9,100101001
d8,06,1,9,100101010
0fb6,8d9d,2,9,100101011
f9,63,1,9,100101100
c7442404,8b450c89,4,9,100101101
fc,5d,1,9,100101110
c74424,8945fc,3,9,100101111
07,70,1,9,100110000
06,53,1,9,100110001
e8,6d,1,9,100110010
44,61,1,9,100110011
ffff83ec08,ffff83ec04,5,9,100110100
8b45f8,020000,3,9,100110101
8b,c9,1,9,100110110
c6,73,1,9,100110111
f4,25,1,9,100111000
da,5f,1,9,100111001
dc,66,1,9,100111010
4d,49,1,9,100111011
90,18,1,9,100111100
f7,fc,1,9,100111101
6e,fe,1,9,100111110
24,45,1,9,100111111
64,79,1,9,101000000
f0,75,1,9,101000001
66,14,1,9,101000010
3d,69,1,9,101000011
69,f4,1,9,101000100
ec,0f,1,9,101000101
ffffffffff,00000000c7,5,8,10100011
00000000410e088502420d0502,00000000410e088502420d0502,13,8,10100100
feff,6174,2,8,10100101
0c00,c745,2,8,10100110
000000000000000000,00410e088502420d05,9,8,10100111
c1e00c,668945,3,8,10101000
ffff83ec04,0000000000,5,8,10101001
8a45,6365,2,8,10101010
8b450c,0100e8,3,8,10101011
c9c2,8954,2,8,10101100
8945,feff,2,8,10101101
000083ec,89442404,4,8,10101110
84c0,6976,2,8,10101111
c70424,c70424,3,8,10110000
61,64,1,8,10110001
28,ff,1,8,10110010
f8,d0,1,8,10110011
75,6f,1,8,10110100
c745,8945,2,8,10110101
5d,e0,1,8,10110110
72,80,1,8,10110111
89442404,000000e8,4,8,10111000
50,ec,1,8,10111001
30,34,1,8,10111010
e9,c2,1,8,10111011
8b45f4,8b45fc,3,8,10111100
c2,28,1,8,10111101
c7,b8,1,8,10111110
18,c3,1,8,10111111
73,4d,1,8,11000000
00000000410e088502420d05,00000000410e088502420d05,12,8,11000001
29,f7,1,8,11000010
00,29,1,8,11000011
53,c1,1,8,11000100
25,05,1,8,11000101
83,07,1,8,11000110
41,c7,1,8,11000111
e0,74,1,8,11001000
0f,c0,1,8,11001001
8b450c89,890424e8,4,8,11001010
0800,0800,2,8,11001011
8a,eb,1,8,11001100
89,8b,1,8,11001101
d0,65,1,8,11001110
c1,89,1,8,11001111
1c000000,c7442404,4,8,11010000
74,c6,1,8,11010001
c3,8a,1,8,11010010
000000000000000000000000000000,000000000000000000000000000000,15,8,11010011
8d,04,1,8,11010100
05,f8,1,8,11010101
ffffff,8b4508,3,8,11010110
14,00,1,8,11010111
837d,8d45,2,8,11011000
03,83,1,8,11011001
890424e8,89442408,4,8,11011010
8b45,837d,2,8,11011011
80,40,1,8,11011100
c50c040400,c50c040400,5,8,11011101
65,41,1,8,11011110
85,88,1,8,11011111
40,8d,1,8,11100000
01d0,8b55,2,8,11100001
04,68,1,8,11100010
c0,30,1,8,11100011
eb,e9,1,8,11100100
8b45fc,8b450c,3,8,11100101
88,20,1,8,11100110
02,0c,1,8,11100111
b8,08,1,8,11101000
8b55,8b45,2,8,11101001
010000,ffffff,3,8,11101010
01,02,1,8,11101011
ffffffffffffffffffffffffffffff,ffffffffffffffffffffffffffffff,15,8,11101100
10,85,1,8,11101101
01000000,1c000000,4,7,1110111
08,03,1,7,1111000
0c,01,1,7,1111001
20,10,1,7,1111010
8b4508,010000,3,7,1111011
0000,ffff,2,7,1111100
ffff,0000,2,7,1111101
000000,000000,3,7,1111110
00000000,00000000,4,7,1111111
